name,diameter_min,diameter_max,velocity,miss_distance,hazardous
     1 Ceres (A801 AA),939.4,939.4,,1.58,False
     2 Pallas (A802 FA),513,513,,1.23,False
     3 Juno (A804 RA),246.596,246.596,,1.04,False
     4 Vesta (A807 FA),522.77,522.77,,1.13,False
     5 Astraea (A845 XA),106.699,106.699,,1.11,False
     6 Hebe (A847 NA),185.18,185.18,,0.976,False
     7 Iris (A847 PA),199.83,199.83,,0.849,False
     8 Flora (A847 UA),147.491,147.491,,0.874,False
     9 Metis (A848 HA),190,190,,1.11,False
    10 Hygiea (A849 GA),407.12,407.12,,1.8,False
    11 Parthenope (A850 JA),142.887,142.887,,1.19,False
    12 Victoria (A850 RA),115.087,115.087,,0.824,False
    13 Egeria (A850 VA),202.636,202.636,,1.44,False
    14 Irene (A851 KA),152,152,,1.19,False
    15 Eunomia (A851 OA),231.689,231.689,,1.19,False
    16 Psyche (A852 FA),222,222,,1.53,False
    17 Thetis (A852 HA),84.899,84.899,,1.14,False
    18 Melpomene (A852 MA),139.594,139.594,,0.812,False
    19 Fortuna (A852 QA),200,200,,1.06,False
    20 Massalia (A852 SA),135.680,135.680,,1.08,False
    21 Lutetia (A852 VA),98,98,,1.02,False
    22 Kalliope (A852 WA),167.536,167.536,,1.63,False
    23 Thalia (A852 XA),107.53,107.53,,1.06,False
    24 Themis (A853 GA),198,198,,1.79,False
    25 Phocaea (A853 GB),61.054,61.054,,0.924,False
    26 Proserpina (A853 JA),94.80,94.80,,1.41,False
    27 Euterpe (A853 VA),96,96,,0.961,False
    28 Bellona (A854 EA),120.90,120.90,,1.38,False
    29 Amphitrite (A854 EB),189.559,189.559,,1.38,False
    30 Urania (A854 OA),92.787,92.787,,1.07,False
    31 Euphrosyne (A854 RA),267.080,267.080,,1.59,False
    32 Pomona (A854 UA),80.76,80.76,,1.37,False
    33 Polyhymnia (A854 UB),52.929,52.929,,0.908,False
    34 Circe (A855 GA),132.992,132.992,,1.41,False
    35 Leukothea (A855 HA),103.055,103.055,,1.35,False
    36 Atalante (A855 TA),132.842,132.842,,0.954,False
    37 Fides (A855 TB),108.35,108.35,,1.2,False
    38 Leda (A856 AA),92.255,92.255,,1.35,False
    39 Laetitia (A856 CA),179.484,179.484,,1.46,False
    40 Harmonia (A856 FA),111.251,111.251,,1.16,False
    41 Daphne (A856 KA),205.495,205.495,,1.05,False
    42 Isis (A856 KB),110.997,110.997,,0.903,False
    43 Ariadne (A857 GA),71.340,71.340,,0.815,False
    44 Nysa (A857 KA),70.64,70.64,,1.08,False
    45 Eugenia (A857 MA),202.327,202.327,,1.5,False
    46 Hestia (A857 QA),131.471,131.471,,1.09,False
    47 Aglaja (A857 RA),168.174,168.174,,1.49,False
    48 Doris (A857 SA),216.473,216.473,,1.93,False
    49 Pales (A857 SB),166.252,166.252,,1.42,False
    50 Virginia (A857 TA),84.074,84.074,,0.897,False
    51 Nemausa (A858 BA),138.159,138.159,,1.21,False
    52 Europa (A858 CA),303.918,303.918,,1.76,False
    53 Kalypso (A858 GA),97.262,97.262,,1.11,False
    54 Alexandra (A858 RA),160.120,160.120,,1.16,False
    55 Pandora (A858 RB),84.794,84.794,,1.36,False
    56 Melete (A857 RB),121.333,121.333,,0.983,False
    57 Mnemosyne (A859 SA),112.59,112.59,,1.83,False
    58 Concordia (A860 FA),106.517,106.517,,1.58,False
    59 Elpis (A860 RA),165.119,165.119,,1.4,False
    60 Echo (A860 RB),43.218,43.218,,0.972,False
    61 Danae (A860 RC),85.937,85.937,,1.49,False
    62 Erato (A860 RD),106.921,106.921,,1.61,False
    63 Ausonia (A861 CA),116.044,116.044,,1.08,False
    64 Angelina (A861 EA),58.292,58.292,,1.36,False
    65 Cybele (A861 EB),237.26,237.26,,1.96,False
    66 Maja (A861 GA),71.82,71.82,,1.2,False
    67 Asia (A861 HA),56.309,56.309,,0.967,False
    68 Leto (A861 HB),122.509,122.509,,1.27,False
    69 Hesperia (A861 HC),138.13,138.13,,1.51,False
    70 Panopaea (A861 JA),127.911,127.911,,1.15,False
    71 Niobe (A861 PA),83.42,83.42,,1.4,False
    72 Feronia (A861 KA),74.966,74.966,,0.984,False
    73 Klytia (A862 GA),44.590,44.590,,1.56,False
    74 Galatea (A862 QA),118.71,118.71,,1.12,False
    75 Eurydike (A862 SA),62.377,62.377,,0.848,False
    76 Freia (A862 UA),145.423,145.423,,1.85,False
    77 Frigga (A862 VA),61.390,61.390,,1.32,False
    78 Diana (A863 EA),120.60,120.60,,1.11,False
    79 Eurynome (A863 RA),63.479,63.479,,0.987,False
    80 Sappho (A864 JA),68.563,68.563,,0.844,False
    81 Terpsichore (A864 SA),117.727,117.727,,1.27,False
    82 Alkmene (A864 WA),57.621,57.621,,1.17,False
    83 Beatrix (A865 HA),110.503,110.503,,1.23,False
    84 Klio (A865 QA),79.16,79.16,,0.798,False
    85 Io (A865 SA),154.79,154.79,,1.16,False
    86 Semele (A866 AA),109.929,109.929,,1.44,False
    87 Sylvia (A866 KA),253.051,253.051,,2.17,False
    88 Thisbe (A866 LA),232,232,,1.3,False
    89 Julia (A866 PA),145.483,145.483,,1.1,False
    90 Antiope (A866 TA),115.974,115.974,,1.59,False
    91 Aegina (A866 VA),103.402,103.402,,1.33,False
    92 Undina (A867 NA),126.42,126.42,,1.85,False
    93 Minerva (A867 QA),154.155,154.155,,1.36,False
    94 Aurora (A867 RA),204.89,204.89,,1.87,False
    95 Arethusa (A867 WA),147.969,147.969,,1.61,False
    96 Aegle (A868 DA),177.774,177.774,,1.63,False
    97 Klotho (A868 DB),100.717,100.717,,1.03,False
    98 Ianthe (A868 HA),132.788,132.788,,1.2,False
    99 Dike (A868 KA),67.354,67.354,,1.13,False
   100 Hekate (A868 NA),85.734,85.734,,1.56,False
   101 Helena (A868 PA),65.84,65.84,,1.21,False
   102 Miriam (A868 QA),82.595,82.595,,0.992,False
   103 Hera (A868 RA),83.908,83.908,,1.47,False
   104 Klymene (A868 RB),136.553,136.553,,1.65,False
   105 Artemis (A868 SA),94.864,94.864,,1.01,False
   106 Dione (A868 TA),207.869,207.869,,1.68,False
   107 Camilla (A868 WA),210.370,210.370,,2.29,False
   108 Hecuba (A869 GB),75.498,75.498,,2.02,False
   109 Felicitas (A869 TA),82.588,82.588,,0.909,False
   110 Lydia (A870 HA),86.09,86.09,,1.51,False
   111 Ate (A870 PA),126.344,126.344,,1.34,False
   112 Iphigenia (A870 SA),69.818,69.818,,1.11,False
   113 Amalthea (A871 EA),50.137,50.137,,1.17,False
   114 Kassandra (A871 OA),94.178,94.178,,1.31,False
   115 Thyra (A871 PA),79.83,79.83,,0.972,False
   116 Sirona (A871 RA),71.70,71.70,,1.4,False
   117 Lomia (A871 RB),208.974,208.974,,1.94,False
   118 Peitho (A872 EA),40.211,40.211,,1.06,False
   119 Althaea (A872 GA),57.30,57.30,,1.37,False
   120 Lachesis (A872 GB),155.132,155.132,,1.97,False
   121 Hermione (A872 JA),209.00,209.00,,2.04,False
   122 Gerda (A872 OA),70.676,70.676,,2.16,False
   123 Brunhild (A872 OB),45.209,45.209,,1.39,False
   124 Alkeste (A872 QA),88.648,88.648,,1.41,False
   125 Liberatrix (A872 RA),48.418,48.418,,1.51,False
   126 Velleda (A872 VA),44.82,44.82,,1.18,False
   127 Johanna (A872 VB),122,122,,1.61,False
   128 Nemesis (A872 WA),162.515,162.515,,1.41,False
   129 Antigone (A873 CA),113,113,,1.28,False
   130 Elektra (A873 DA),180.652,180.652,,1.54,False
   131 Vala (A873 KA),31.337,31.337,,1.25,False
   132 Aethra (A873 LA),42.87,42.87,,0.782,False
   133 Cyrene (A873 QA),72.175,72.175,,1.67,False
   134 Sophrosyne (A873 SA),108,108,,1.32,False
   135 Hertha (A874 DA),79.24,79.24,,0.908,False
   136 Austria (A874 FA),36.893,36.893,,1.09,False
   137 Meliboea (A874 HA),128.678,128.678,,1.49,False
   138 Tolosa (A874 KA),52.905,52.905,,1.04,False
   139 Juewa (A874 TA),151.116,151.116,,1.32,False
   140 Siwa (A874 TB),109.79,109.79,,1.12,False
   141 Lumen (A875 AA),117.916,117.916,,1.12,False
   142 Polana (A875 BA),54.812,54.812,,1.09,False
   143 Adria (A875 DA),95.377,95.377,,1.59,False
   144 Vibilia (A875 LA),142.38,142.38,,1.03,False
   145 Adeona (A875 LB),127.783,127.783,,1.31,False
   146 Lucina (A875 LC),160.310,160.310,,1.54,False
   147 Protogeneia (A875 NA),132.93,132.93,,2.06,False
   148 Gallia (A875 PA),97.75,97.75,,1.37,False
   149 Medusa (A875 SA),23.719,23.719,,1.04,False
   150 Nuwa (A875 UA),119.128,119.128,,1.61,False
   151 Abundantia (A875 VA),39.037,39.037,,1.5,False
   152 Atala (A875 VB),58.964,58.964,,1.92,False
   153 Hilda (A875 VC),170.63,170.63,,2.41,False
   154 Bertha (A875 VD),192.611,192.611,,1.94,False
   155 Scylla (A875 VE),39.605,39.605,,1.04,False
   156 Xanthippe (A875 WA),143.346,143.346,,1.12,False
   157 Dejanira (A875 XA),19.959,19.959,,1.1,False
   158 Koronis (A876 AA),39.025,39.025,,1.73,False
   159 Aemilia (A876 BA),125.236,125.236,,1.82,False
   160 Una (A876 DA),81.24,81.24,,1.56,False
   161 Athor (A876 HA),40.992,40.992,,1.06,False
   162 Laurentia (A876 HB),97.021,97.021,,1.48,False
   163 Erigone (A876 HC),81.579,81.579,,0.934,False
   164 Eva (A876 NA),100.254,100.254,,0.881,False
   165 Loreley (A876 PA),180.083,180.083,,1.85,False
   166 Rhodope (A876 PB),52.393,52.393,,1.17,False
   167 Urda (A876 QA),39.935,39.935,,1.73,False
   168 Sibylla (A876 SA),145.366,145.366,,2.12,False
   169 Zelia (A876 SB),37.517,37.517,,1.04,False
   170 Maria (A877 AA),33.136,33.136,,1.42,False
   171 Ophelia (A877 AB),130.808,130.808,,1.72,False
   172 Baucis (A877 CA),62.43,62.43,,1.1,False
   173 Ino (A877 PA),125.821,125.821,,1.19,False
   174 Phaedra (A877 RA),64.849,64.849,,1.46,False
   175 Andromache (A877 TA),94.532,94.532,,1.44,False
   176 Iduna (A877 TB),106.976,106.976,,1.64,False
   177 Irma (A877 VA),69.049,69.049,,1.13,False
   178 Belisana (A877 VB),35.81,35.81,,1.34,False
   179 Klytaemnestra (A877 VC),69.946,69.946,,1.66,False
   180 Garumna (A878 BA),23.440,23.440,,1.28,False
   181 Eucharis (A878 CB),115.383,115.383,,1.52,False
   182 Elsa (A878 CC),39.520,39.520,,0.978,False
   183 Istria (A878 CD),32.927,32.927,,1.02,False
   184 Dejopeja (A878 DA),62.483,62.483,,2,False
   185 Eunike (A878 EA),160.464,160.464,,1.42,False
   186 Celuta (A878 GA),49.99,49.99,,1.02,False
   187 Lamberta (A878 GB),147.294,147.294,,1.07,False
   188 Menippe (A878 MA),35.752,35.752,,1.28,False
   189 Phthia (A878 RA),38.490,38.490,,1.36,False
   190 Ismene (A878 SA),159,159,,2.35,False
   191 Kolga (A878 SB),94.536,94.536,,1.66,False
   192 Nausikaa (A879 DA),98.776,98.776,,0.817,False
   193 Ambrosia (A879 DB),26.302,26.302,,0.882,False
   194 Prokne (A879 FA),161.667,161.667,,0.99,False
   195 Eurykleia (A879 HA),93.109,93.109,,1.79,False
   196 Philomela (A879 JA),144.626,144.626,,2.06,False
   197 Arete (A879 KA),31.729,31.729,,1.3,False
   198 Ampella (A879 LA),54.323,54.323,,0.923,False
   199 Byblis (A879 NA),76.129,76.129,,1.56,False
   200 Dynamene (A879 OA),128.301,128.301,,1.39,False
   201 Penelope (A879 PA),85.877,85.877,,1.19,False
   202 Chryseis (A879 RA),86.15,86.15,,1.76,False
   203 Pompeja (A879 SA),124.592,124.592,,1.58,False
   204 Kallisto (A879 TA),48.566,48.566,,1.2,False
   205 Martha (A879 TB),76.983,76.983,,1.68,False
   206 Hersilia (A879 TC),113,113,,1.65,False
   207 Hedda (A879 UA),57.880,57.880,,1.21,False
   208 Lacrimosa (A879 UB),40.056,40.056,,1.87,False
   209 Dido (A879 UC),179.008,179.008,,1.98,False
   210 Isabella (A879 VA),86.65,86.65,,1.4,False
   211 Isolda (A879 XA),141.125,141.125,,1.59,False
   212 Medea (A880 CA),136.12,136.12,,1.81,False
   213 Lilaea (A880 DA),82.096,82.096,,1.34,False
   214 Aschera (A880 DB),24.957,24.957,,1.55,False
   215 Oenone (A880 GA),35.210,35.210,,1.67,False
   216 Kleopatra (A880 GB),122,122,,1.1,False
   217 Eudora (A880 QA),65.392,65.392,,0.971,False
   218 Bianca (A880 RA),60.62,60.62,,1.39,False
   219 Thusnelda (A880 SA),37.674,37.674,,0.835,False
   220 Stephania (A881 KA),31.738,31.738,,0.753,False
   221 Eos (A882 BA),95.469,95.469,,1.7,False
   222 Lucia (A882 CA),55.350,55.350,,1.72,False
   223 Rosa (A882 EA),79.806,79.806,,1.74,False
   224 Oceana (A882 FA),58.236,58.236,,1.52,False
   225 Henrietta (A882 HA),95.934,95.934,,1.59,False
   226 Weringia (A882 OA),31.494,31.494,,1.15,False
   227 Philosophia (A882 PA),123.891,123.891,,1.53,False
   228 Agathe (A882 QA),9.30,9.30,,0.656,False
   229 Adelinda (A882 QB),105.912,105.912,,1.95,False
   230 Athamantis (A882 RA),111.332,111.332,,1.25,False
   231 Vindobona (A882 RB),73.545,73.545,,1.45,False
   232 Russia (A883 BA),54.730,54.730,,1.12,False
   233 Asterope (A883 JA),99.672,99.672,,1.39,False
   234 Barbara (A883 PA),45.476,45.476,,0.788,False
   235 Carolina (A883 WA),57.517,57.517,,1.69,False
   236 Honoria (A884 HA),77.708,77.708,,1.26,False
   237 Coelestina (A884 MA),41.08,41.08,,1.54,False
   238 Hypatia (A884 NA),155.659,155.659,,1.65,False
   239 Adrastea (A884 QA),37.609,37.609,,1.27,False
   240 Vanadis (A884 QB),87.928,87.928,,1.12,False
   241 Germania (A884 RA),168.90,168.90,,1.72,False
   242 Kriemhild (A884 SA),40.802,40.802,,1.55,False
   243 Ida (A884 SB),32,32,,1.75,False
   244 Sita (A884 TA),11.077,11.077,,0.877,False
   245 Vera (A885 CA),75.949,75.949,,1.49,False
   246 Asporina (A885 EA),50.891,50.891,,1.45,False
   247 Eukrate (A885 EB),130.935,130.935,,1.15,False
   248 Lameia (A885 LA),50.120,50.120,,1.29,False
   249 Ilse (A885 QA),34.83,34.83,,0.873,False
   250 Bettina (A885 RA),120.995,120.995,,1.76,False
   251 Sophia (A885 TA),27.495,27.495,,1.85,False
   252 Clementina (A885 TB),65.344,65.344,,1.95,False
   253 Mathilde (A885 VA),52.8,52.8,,0.939,False
   254 Augusta (A886 FA),12.467,12.467,,0.915,False
   255 Oppavia (A886 FB),56.939,56.939,,1.54,False
   256 Walpurga (A886 GA),66.634,66.634,,1.82,False
   257 Silesia (A886 GB),72.66,72.66,,1.78,False
   258 Tyche (A886 JA),64.78,64.78,,1.09,False
   259 Aletheia (A886 MA),174.318,174.318,,1.71,False
   260 Huberta (A886 TA),101.539,101.539,,2.08,False
   261 Prymno (A886 UA),50.011,50.011,,1.13,False
   262 Valda (A886 VA),14.645,14.645,,1.03,False
   263 Dresda (A886 VB),23.952,23.952,,1.65,False
   264 Libussa (A886 YA),62.969,62.969,,1.43,False
   265 Anna (A887 DA),22.767,22.767,,0.916,False
   266 Aline (A887 KA),109.494,109.494,,1.39,False
   267 Tirza (A887 KB),55.998,55.998,,1.47,False
   268 Adorea (A887 LA),144.585,144.585,,1.67,False
   269 Justitia (A887 SA),50.728,50.728,,1.04,False
   270 Anahita (A887 TA),51.400,51.400,,0.857,False
   271 Penthesilea (A887 TB),65.901,65.901,,1.7,False
   272 Antonia (A888 CA),26.870,26.870,,1.71,False
   273 Atropos (A888 EA),29.768,29.768,,1.06,False
   274 Philagoria (A888 GA),27.307,27.307,,1.69,False
   275 Sapientia (A888 GB),103,103,,1.33,False
   276 Adelheid (A888 HA),114.723,114.723,,2.03,False
   277 Elvira (A888 JA),30.422,30.422,,1.62,False
   278 Paulina (A888 KA),32.773,32.773,,1.38,False
   279 Thule (A888 UA),126.59,126.59,,3.1,False
   280 Philia (A888 UB),45.69,45.69,,1.64,False
   281 Lucretia (A888 UC),11.036,11.036,,0.908,False
   282 Clorinde (A889 BA),39.03,39.03,,1.18,False
   283 Emma (A889 CA),132.385,132.385,,1.61,False
   284 Amalia (A889 KA),52.95,52.95,,0.833,False
   285 Regina (A889 PA),47.156,47.156,,1.45,False
   286 Iclea (A889 PB),94.30,94.30,,2.12,False
   287 Nephthys (A889 QA),59.615,59.615,,1.29,False
   288 Glauke (A890 DA),28.981,28.981,,1.19,False
   289 Nenetta (A890 EA),37.586,37.586,,1.29,False
   290 Bruna (A890 FA),9.822,9.822,,0.87,False
   291 Alice (A890 HA),10.456,10.456,,1.03,False
   292 Ludovica (A890 HB),30.864,30.864,,1.48,False
   293 Brasilia (A890 KA),57.486,57.486,,1.64,False
   294 Felicia (A890 NA),51.865,51.865,,1.41,False
   295 Theresia (A890 QA),28.340,28.340,,1.34,False
   296 Phaetusa (A890 QB),8.196,8.196,,0.871,False
   297 Caecilia (A890 RA),39.48,39.48,,1.72,False
   298 Baptistina (A890 RB),21.135,21.135,,1.07,False
   299 Thora (A890 TA),15.757,15.757,,1.29,False
   300 Geraldina (A890 TB),67.373,67.373,,2.01,False
   301 Bavaria (A890 WA),53.042,53.042,,1.53,False
   302 Clarissa (A890 VA),38.53,38.53,,1.15,False
   303 Josephina (A891 CA),124.923,124.923,,1.97,False
   304 Olga (A891 CB),65.990,65.990,,0.857,False
   305 Gordonia (A891 DA),47.739,47.739,,1.5,False
   306 Unitas (A891 EA),47.200,47.200,,0.984,False
   307 Nike (A891 EB),61.313,61.313,,1.51,False
   308 Polyxo (A891 FA),128.578,128.578,,1.63,False
   309 Fraternitas (A891 GA),41.075,41.075,,1.34,False
   310 Margarita (A891 KA),33.708,33.708,,1.44,False
   311 Claudia (A891 LA),26.300,26.300,,1.88,False
   312 Pierretta (A891 QA),46.191,46.191,,1.34,False
   313 Chaldaea (A891 QB),71.183,71.183,,0.976,False
   314 Rosalia (A891 RA),60.689,60.689,,1.62,False
   315 Constantia (A891 RB),6.534,6.534,,0.853,False
   316 Goberta (A891 RC),56.067,56.067,,1.79,False
   317 Roxane (A891 RD),18.648,18.648,,1.08,False
   318 Magdalena (A891 SA),85,85,,1.96,False
   319 Leona (A891 TA),49.943,49.943,,1.7,False
   320 Katharina (A891 TB),23.362,23.362,,1.67,False
   321 Florentina (A891 TC),27.974,27.974,,1.76,False
   322 Phaeo (A891 WB),69.855,69.855,,1.12,False
   323 Brucia (A891 YB),27.714,27.714,,0.807,False
   324 Bamberga (A892 DA),220.691,220.691,,0.785,False
   325 Heidelberga (A892 EA),75.72,75.72,,1.76,False
   326 Tamara (A892 FD),93.00,93.00,,0.945,False
   327 Columbia (A892 FE),30.291,30.291,,1.59,False
   328 Gudrun (A892 FF),145.680,145.680,,1.84,False
   329 Svea (A892 FG),81.057,81.057,,1.43,False
   330 Adalberta (A910 CB),9.111,9.111,,0.867,False
   331 Etheridgea (A892 GA),74.92,74.92,,1.73,False
   332 Siri (A892 FH),40.37,40.37,,1.51,False
   333 Badenia (A892 QA),72.199,72.199,,1.63,False
   334 Chicago (A892 QB),198.770,198.770,,2.83,False
   335 Roberta (A892 RB),97.109,97.109,,1.04,False
   336 Lacadiera (A892 SA),63.356,63.356,,1.02,False
   337 Devosa (A892 SB),64.549,64.549,,1.09,False
   338 Budrosa (A892 SF),50.506,50.506,,1.88,False
   339 Dorothea (A892 SC),44.329,44.329,,1.69,False
   340 Eduarda (A892 SD),28.025,28.025,,1.44,False
   341 California (A892 SE),15.830,15.830,,0.767,False
   342 Endymion (A892 UA),64.266,64.266,,1.26,False
   343 Ostara (A892 VA),18.213,18.213,,0.868,False
   344 Desiderata (A892 WA),124.181,124.181,,0.83,False
   345 Tercidina (A892 WB),90.243,90.243,,1.21,False
   346 Hermentaria (A892 WC),86.447,86.447,,1.53,False
   347 Pariana (A892 WD),48.615,48.615,,1.23,False
   348 May (A892 WE),82.82,82.82,,1.77,False
   349 Dembowska (A892 XB),139.77,139.77,,1.67,False
   350 Ornamenta (A892 XC),128.729,128.729,,1.64,False
   351 Yrsa (A892 YA),39.720,39.720,,1.35,False
   352 Gisela (A893 AB),26.744,26.744,,0.873,False
   353 Ruperto-Carola (A893 BB),14.025,14.025,,0.857,False
   354 Eleonora (A893 BC),148.970,148.970,,1.5,False
   355 Gabriella (A893 BD),24.040,24.040,,1.29,False
   356 Liguria (A893 BE),145.503,145.503,,1.12,False
   357 Ninina (A893 CB),124.107,124.107,,1.95,False
   358 Apollonia (A893 EC),90.116,90.116,,1.46,False
   359 Georgia (A893 ED),43.89,43.89,,1.3,False
   360 Carlova (A893 EE),129.125,129.125,,1.53,False
   361 Bononia (A893 EF),154.334,154.334,,2.18,False
   362 Havnia (A893 EG),98,98,,1.48,False
   363 Padua (A893 FD),97,97,,1.55,False
   364 Isara (A893 FE),25.901,25.901,,0.907,False
   365 Corduba (A893 FF),86.773,86.773,,1.39,False
   366 Vincentina (A893 FG),86.368,86.368,,1.95,False
   367 Amicitia (A893 KB),21.243,21.243,,1.02,False
   368 Haidea (A893 KC),69.277,69.277,,1.44,False
   369 Aeria (A893 NA),73.767,73.767,,1.42,False
   370 Modestia (A893 NB),38.093,38.093,,1.12,False
   371 Bohemia (A893 OA),52.976,52.976,,1.54,False
   372 Palma (A893 QB),173.642,173.642,,1.48,False
   373 Melusina (A893 RA),98.695,98.695,,1.69,False
   374 Burgundia (A893 SA),44.67,44.67,,1.55,False
   375 Ursula (A893 SB),216,216,,1.8,False
   376 Geometria (A893 SC),35.465,35.465,,0.881,False
   377 Campania (A893 SD),90.346,90.346,,1.5,False
   378 Holmia (A893 XA),27.831,27.831,,1.42,False
   379 Huenna (A894 AA),84.787,84.787,,1.57,False
   380 Fiducia (A894 AB),67.508,67.508,,1.37,False
   381 Myrrha (A894 AC),127.639,127.639,,1.94,False
   382 Dodona (A894 BB),65.209,65.209,,1.62,False
   383 Janina (A894 BC),43.482,43.482,,1.62,False
   384 Burdigala (A894 CA),34.435,34.435,,1.29,False
   385 Ilmatar (A894 EA),85.837,85.837,,1.49,False
   386 Siegena (A894 EB),165.01,165.01,,1.44,False
   387 Aquitania (A894 EC),100.51,100.51,,1.08,False
   388 Charybdis (A894 ED),125.754,125.754,,1.8,False
   389 Industria (A894 EE),74.378,74.378,,1.45,False
   390 Alma (A894 FA),25.688,25.688,,1.32,False
   391 Ingeborg (A894 VB),15.751,15.751,,0.645,False
   392 Wilhelmina (A894 VD),60.750,60.750,,1.49,False
   393 Lampetia (A894 VC),116.191,116.191,,0.91,False
   394 Arduina (A894 WB),29.970,29.970,,1.13,False
   395 Delia (A894 WC),44.189,44.189,,1.54,False
   396 Aeolia (A894 XA),39.242,39.242,,1.29,False
   397 Vienna (A894 YA),49.032,49.032,,1,False
   398 Admete (A894 YB),49.771,49.771,,1.14,False
   399 Persephone (A895 DD),39.566,39.566,,1.82,False
   400 Ducrosa (A895 EC),36.001,36.001,,1.78,False
   401 Ottilia (A895 FA),87.803,87.803,,2.24,False
   402 Chloe (A895 FB),55.421,55.421,,1.29,False
   403 Cyane (A895 KA),53.574,53.574,,1.57,False
   404 Arsinoe (A895 MA),94.970,94.970,,1.1,False
   405 Thia (A895 OB),108.894,108.894,,0.973,False
   406 Erna (A895 QA),46.266,46.266,,1.39,False
   407 Arachne (A895 TB),95.07,95.07,,1.45,False
   408 Fama (A917 RB),35.620,35.620,,1.73,False
   409 Aspasia (A895 XC),171.012,171.012,,1.37,False
   410 Chloris (A896 AC),118.929,118.929,,1.05,False
   411 Xanthe (A896 AD),76.53,76.53,,1.58,False
   412 Elisabetha (A896 AB),96.056,96.056,,1.68,False
   413 Edburga (A896 AA),34.242,34.242,,0.791,False
   414 Liriope (A896 BB),88.760,88.760,,2.26,False
   415 Palatia (A896 CA),83.560,83.560,,0.98,False
   416 Vaticana (A896 JA),85.47,85.47,,1.17,False
   417 Suevia (A896 JB),54.874,54.874,,1.42,False
   418 Alemannia (A896 RD),40.330,40.330,,1.3,False
   419 Aurelia (A896 RF),148.701,148.701,,0.925,False
   420 Bertholda (A896 RC),138.699,138.699,,2.37,False
   421 Zahringia (A896 RE),14.119,14.119,,0.834,False
   422 Berolina (A896 TA),10.714,10.714,,0.744,False
   423 Diotima (A896 XA),175.859,175.859,,1.95,False
   424 Gratia (A896 YD),102.565,102.565,,1.49,False
   425 Cornelia (A896 YC),67.925,67.925,,1.72,False
   426 Hippo (A897 RA),137.562,137.562,,1.61,False
   427 Galene (A897 RB),32.193,32.193,,1.6,False
   428 Monachia (A897 WA),20.184,20.184,,0.902,False
   429 Lotis (A897 WB),69.62,69.62,,1.29,False
   430 Hybris (A897 YA),31.702,31.702,,1.15,False
   431 Nephele (A897 YB),101.900,101.900,,1.59,False
   432 Pythia (A897 YC),46.90,46.90,,1.01,False
   433 Eros (A898 PA),16.84,16.84,,0.148,False
   434 Hungaria (A898 RB),8.934,8.934,,0.833,False
   435 Ella (A898 RA),34.792,34.792,,1.07,False
   436 Patricia (A898 RC),58.609,58.609,,2,False
   437 Rhodia (A898 OA),13.373,13.373,,0.79,False
   438 Zeuxo (A898 VG),58.871,58.871,,1.37,False
   439 Ohio (A898 TA),70.421,70.421,,1.98,False
   440 Theodora (A898 TB),13.600,13.600,,0.99,False
   441 Bathilde (A898 XA),65.131,65.131,,1.59,False
   442 Eichsfeldia (A899 CA),62.171,62.171,,1.18,False
   443 Photographica (A899 DA),25.504,25.504,,1.13,False
   444 Gyptis (A899 FA),159.331,159.331,,1.29,False
   445 Edna (A899 TC),87.812,87.812,,1.67,False
   446 Aeternitas (A899 UB),53.562,53.562,,1.45,False
   447 Valentine (A899 UD),85.224,85.224,,1.85,False
   448 Natalie (A899 UC),50.534,50.534,,1.57,False
   449 Hamburga (A899 UE),85.59,85.59,,1.12,False
   450 Brigitta (A899 VB),37.038,37.038,,1.72,False
   451 Patientia (A899 XA),253.900,253.900,,1.87,False
   452 Hamiltonia (A899 XB),11.563,11.563,,1.83,False
   453 Tea (A900 DD),23.985,23.985,,0.939,False
   454 Mathesis (A900 FB),81.743,81.743,,1.33,False
   455 Bruchsalia (A900 KC),88.792,88.792,,0.913,False
   456 Abnoba (A900 LA),37.713,37.713,,1.26,False
   457 Alleghenia (A900 RA),18.739,18.739,,1.59,False
   458 Hercynia (A900 SD),36.698,36.698,,1.32,False
   459 Signe (A900 UH),25.784,25.784,,1.08,False
   460 Scania (A900 UF),19.689,19.689,,1.43,False
   461 Saskia (A900 UG),43.603,43.603,,1.68,False
   462 Eriphyla (A900 UJ),34.274,34.274,,1.62,False
   463 Lola (A900 UK),20.908,20.908,,0.884,False
   464 Megaira (A901 AB),77.056,77.056,,1.25,False
   465 Alekto (A901 AC),73.34,73.34,,1.49,False
   466 Tisiphone (A901 BB),95.495,95.495,,2.1,False
   467 Laura (A901 AA),39.471,39.471,,1.65,False
   468 Lina (A901 BC),60.238,60.238,,1.52,False
   469 Argentina (A901 DC),133.718,133.718,,1.68,False
   470 Kilia (A901 HC),27.750,27.750,,1.17,False
   471 Papagena (A901 LA),148.128,148.128,,1.26,False
   472 Roma (A901 NA),50.278,50.278,,1.36,False
   473 Nolli (A901 CB),12.394,12.394,,1.39,False
   474 Prudentia (A901 CC),40.972,40.972,,0.927,False
   475 Ocllo (A901 PA),17.830,17.830,,0.674,False
   476 Hedwig (A901 QB),138.493,138.493,,1.43,False
   477 Italia (A901 QC),22.988,22.988,,0.955,False
   478 Tergeste (A901 SC),80.738,80.738,,1.82,False
   479 Caprera (A901 VK),60.088,60.088,,1.16,False
   480 Hansa (A901 KB),56.22,56.22,,1.55,False
   481 Emita (A902 CB),101.829,101.829,,1.32,False
   482 Petrina (A902 EH),45.751,45.751,,1.75,False
   483 Seppina (A902 EJ),66.858,66.858,,2.25,False
   484 Pittsburghia (A902 HA),30.060,30.060,,1.5,False
   485 Genua (A902 JC),63.88,63.88,,1.3,False
   486 Cremona (A902 JD),22.781,22.781,,0.979,False
   487 Venetia (A902 NC),59.046,59.046,,1.47,False
   488 Kreusa (A902 MC),168.117,168.117,,1.7,False
   489 Comacina (A902 RD),139.39,139.39,,2,False
   490 Veritas (A902 RE),118.803,118.803,,1.89,False
   491 Carina (A902 RG),91.176,91.176,,1.96,False
   492 Gismonda (A902 RF),53.418,53.418,,1.53,False
   493 Griseldis (A902 RH),41.550,41.550,,1.59,False
   494 Virtus (A902 TF),100.786,100.786,,1.78,False
   495 Eulalia (A902 UL),37.287,37.287,,1.17,False
   496 Gryphia (A902 UM),14.403,14.403,,1.05,False
   497 Iva (A902 VB),40.932,40.932,,0.992,False
   498 Tokio (A902 XA),81.83,81.83,,1.07,False
   499 Venusia (A902 YE),77.328,77.328,,2.16,False
   500 Selinur (A903 BJ),40.828,40.828,,1.25,False
   501 Urhixidur (A903 BK),74.457,74.457,,1.71,False
   502 Sigune (A903 BM),15.805,15.805,,0.98,False
   503 Evelyn (A903 BL),81.68,81.68,,1.27,False
   504 Cora (A902 NB),30.438,30.438,,1.16,False
   505 Cava (A902 QA),115,115,,1.05,False
   506 Marion (A903 DB),105.94,105.94,,1.64,False
   507 Laodica (A903 DC),45.170,45.170,,1.85,False
   508 Princetonia (A903 HC),117.241,117.241,,2.13,False
   509 Iolanda (A903 HD),51.892,51.892,,1.77,False
   510 Mabella (A903 KA),60.450,60.450,,1.12,False
   511 Davida (A903 KB),270.327,270.327,,1.59,False
   512 Taurinensis (A903 MC),23.09,23.09,,0.651,False
   513 Centesima (A916 BC),48.805,48.805,,1.77,False
   514 Armida (A903 QC),120.093,120.093,,1.94,False
   515 Athalia (A903 SH),41.190,41.190,,1.58,False
   516 Amherstia (A903 SG),65.144,65.144,,0.979,False
   517 Edith (A903 SK),111.890,111.890,,1.6,False
   518 Halawe (A915 TP),16.157,16.157,,0.954,False
   519 Sylvania (A903 UJ),40.078,40.078,,1.3,False
   520 Franziska (A903 UK),25.261,25.261,,1.69,False
   521 Brixia (A904 AE),107.227,107.227,,1,False
   522 Helga (A904 AF),101.22,101.22,,2.32,False
   523 Ada (A904 BA),31.89,31.89,,1.45,False
   524 Fidelio (A904 ED),65.527,65.527,,1.33,False
   525 Adelaide (A908 UJ),9.326,9.326,,1.04,False
   526 Jena (A904 EE),44.840,44.840,,1.75,False
   527 Euryanthe (A904 FC),52.627,52.627,,1.3,False
   528 Rezia (A904 FA),91.966,91.966,,2.33,False
   529 Preziosa (A904 FB),32.01,32.01,,1.75,False
   530 Turandot (A904 GB),84.85,84.85,,1.49,False
   531 Zerlina (A904 GC),17.804,17.804,,1.33,False
   532 Herculina (A904 HE),167.791,167.791,,1.34,False
   533 Sara (A904 HC),30.819,30.819,,1.85,False
   534 Nassovia (A904 HD),32.333,32.333,,1.72,False
   535 Montague (A904 JE),79.299,79.299,,1.52,False
   536 Merapi (A904 JF),147.066,147.066,,2.24,False
   537 Pauly (A904 NB),40.732,40.732,,1.33,False
   538 Friederike (A904 OA),70.640,70.640,,1.61,False
   539 Pamina (A904 PD),68.356,68.356,,1.17,False
   540 Rosamunde (A904 PE),19.152,19.152,,1.02,False
   541 Deborah (A904 PF),60.147,60.147,,1.65,False
   542 Susanna (A904 QA),42.117,42.117,,1.49,False
   543 Charlotte (A904 RG),45.613,45.613,,1.62,False
   544 Jetta (A904 RH),27.169,27.169,,1.18,False
   545 Messalina (A904 TC),112.631,112.631,,1.64,False
   546 Herodias (A904 TD),65.945,65.945,,1.35,False
   547 Praxedis (A904 TE),52.462,52.462,,1.13,False
   548 Kressida (A904 TF),14.008,14.008,,0.877,False
   549 Jessonda (A904 WA),15.530,15.530,,1.02,False
   550 Senta (A904 WB),37.434,37.434,,1.01,False
   551 Ortrud (A904 WC),81.113,81.113,,1.63,False
   552 Sigelinde (A904 XB),88.697,88.697,,1.85,False
   553 Kundry (A904 YA),9.010,9.010,,0.998,False
   554 Peraga (A905 AE),95.87,95.87,,1.03,False
   555 Norma (A905 AF),31.040,31.040,,1.7,False
   556 Phyllis (A905 AD),36.279,36.279,,1.22,False
   557 Violetta (A905 BD),22.621,22.621,,1.22,False
   558 Carmen (A905 CK),54.811,54.811,,1.82,False
   559 Nanon (A905 EB),79.82,79.82,,1.52,False
   560 Delila (A905 EC),35.334,35.334,,1.33,False
   561 Ingwelde (A905 FC),31.562,31.562,,1.8,False
   562 Salome (A905 GC),32.651,32.651,,1.72,False
   563 Suleika (A905 GD),53.29,53.29,,1.09,False
   564 Dudu (A905 JD),52.010,52.010,,0.997,False
   565 Marbachia (A905 JE),27.332,27.332,,1.15,False
   566 Stereoskopia (A905 KA),167.381,167.381,,1.98,False
   567 Eleutheria (A905 KB),93.41,93.41,,1.89,False
   568 Cheruskia (A905 OD),71.224,71.224,,1.41,False
   569 Misa (A905 OE),72.95,72.95,,1.2,False
   570 Kythera (A905 OF),87.486,87.486,,2.02,False
   571 Dulcinea (A905 RA),11.696,11.696,,0.831,False
   572 Rebekka (A905 SF),28.903,28.903,,1.03,False
   573 Recha (A905 SG),47.582,47.582,,1.69,False
   574 Reginhild (A905 SH),8.456,8.456,,0.735,False
   575 Renate (A905 SJ),19.106,19.106,,1.22,False
   576 Emanuela (A905 SK),74.378,74.378,,1.41,False
   577 Rhea (A905 UR),38.234,38.234,,1.62,False
   578 Happelia (A905 VJ),69.29,69.29,,1.21,False
   579 Sidonia (A905 VK),85.57,85.57,,1.78,False
   580 Selene (A905 YB),48.204,48.204,,1.96,False
   581 Tauntonia (A905 YC),61.481,61.481,,2.12,False
   582 Olympia (A906 BM),44.347,44.347,,1.13,False
   583 Klotilde (A905 YD),78.236,78.236,,1.7,False
   584 Semiramis (A906 AC),54.01,54.01,,0.856,False
   585 Bilkis (A906 DF),49.761,49.761,,1.13,False
   586 Thekla (A906 DK),95.203,95.203,,1.86,False
   587 Hypsipyle (A906 DM),11.022,11.022,,0.96,False
   588 Achilles (A906 DN),130.099,130.099,,3.47,False
   589 Croatia (A906 EC),93.617,93.617,,2.02,False
   590 Tomyris (A906 ED),30.577,30.577,,1.78,False
   591 Irmgard (A906 EE),51.86,51.86,,1.13,False
   592 Bathseba (A916 BB),43.787,43.787,,1.65,False
   593 Titania (A906 FK),70.145,70.145,,1.14,False
   594 Mireille (A906 FM),9.23,9.23,,0.917,False
   595 Polyxena (A906 FL),90.647,90.647,,2.03,False
   596 Scheila (A906 DL),159.726,159.726,,1.45,False
   597 Bandusia (A906 HE),36.06,36.06,,1.31,False
   598 Octavia (A906 GC),78.237,78.237,,1.11,False
   599 Luisa (A906 HF),70.249,70.249,,1.02,False
   600 Musa (A906 LA),25.115,25.115,,1.52,False
   601 Nerthus (A906 MC),75.535,75.535,,1.79,False
   602 Marianna (A906 DJ),110.444,110.444,,1.33,False
   603 Timandra (A906 DG),13.73,13.73,,1.11,False
   604 Tekmessa (A906 DH),64.536,64.536,,1.56,False
   605 Juvisia (A906 QJ),69.86,69.86,,1.59,False
   606 Brangane (A906 SK),35.758,35.758,,1.03,False
   607 Jenny (A906 SH),67.520,67.520,,1.64,False
   608 Adolfine (A916 OH),20.365,20.365,,1.66,False
   609 Fulvia (A906 SL),54.17,54.17,,1.95,False
   610 Valeska (A906 SN),19.153,19.153,,1.32,False
   611 Valeria (A906 SM),57.468,57.468,,1.66,False
   612 Veronika (A906 TC),38.767,38.767,,1.39,False
   613 Ginevra (A906 TD),81.344,81.344,,1.78,False
   614 Pia (A906 TE),29.191,29.191,,1.42,False
   615 Roswitha (A906 TF),48.626,48.626,,1.33,False
   616 Elly (A906 UK),21.170,21.170,,1.45,False
   617 Patroclus (A906 UL),140.362,140.362,,3.53,False
   618 Elfriede (A906 UM),131.292,131.292,,1.99,False
   619 Triberga (A906 UN),29.051,29.051,,1.33,False
   620 Drakonia (A906 UO),11.385,11.385,,1.1,False
   621 Werdandi (A906 VM),29.726,29.726,,1.72,False
   622 Esther (A906 VN),21.874,21.874,,0.857,False
   623 Chimaera (A907 BC),44.09,44.09,,1.23,False
   624 Hektor (A907 CF),225,225,,4.16,False
   625 Xenia (A907 CG),28.287,28.287,,1.04,False
   626 Notburga (A907 CH),73.236,73.236,,1,False
   627 Charis (A907 EJ),38.018,38.018,,1.7,False
   628 Christine (A907 EK),48.239,48.239,,1.46,False
   629 Bernardina (A907 EL),35.087,35.087,,1.65,False
   630 Euphemia (A907 EM),15.542,15.542,,1.36,False
   631 Philippina (A907 FD),50.491,50.491,,1.64,False
   632 Pyrrha (A907 GY),14.419,14.419,,1.14,False
   633 Zelima (A907 JH),33.387,33.387,,1.75,False
   634 Ute (A907 JJ),74.017,74.017,,1.51,False
   635 Vundtia (A907 LA),94.415,94.415,,1.92,False
   636 Erika (A907 CE),73.147,73.147,,1.42,False
   637 Chrysothemis (A907 EN),24.194,24.194,,1.81,False
   638 Moira (A917 RC),59.594,59.594,,1.29,False
   639 Latona (A907 OA),78.509,78.509,,1.69,False
   640 Brambilla (A907 QA),62.667,62.667,,1.9,False
   641 Agnes (A907 RH),9.446,9.446,,0.947,False
   642 Clara (A907 RJ),33.36,33.36,,1.8,False
   643 Scheherezade (A907 RK),64.997,64.997,,2.21,False
   644 Cosima (A907 RG),17.016,17.016,,1.2,False
   645 Agrippina (A907 RP),28.916,28.916,,1.8,False
   646 Kastalia (A907 RL),8.153,8.153,,0.825,False
   647 Adelgunde (A907 RM),9.725,9.725,,0.985,False
   648 Pippa (A907 RN),68.27,68.27,,1.56,False
   649 Josefa (A907 RO),7.726,7.726,,0.832,False
   650 Amalasuntha (A907 TL),18.609,18.609,,1.01,False
   651 Antikleia (A907 TK),31.895,31.895,,1.72,False
   652 Jubilatrix (A907 VS),15.595,15.595,,1.3,False
   653 Berenike (A907 WC),49.793,49.793,,1.9,False
   654 Zelinda (A908 AM),160.736,160.736,,0.803,False
   655 Briseis (A907 VT),29.057,29.057,,1.76,False
   656 Beagle (A917 ST),62.604,62.604,,1.76,False
   657 Gunlod (A908 BK),39.401,39.401,,1.34,False
   658 Asteria (A908 BL),21.894,21.894,,1.69,False
   659 Nestor (A908 FE),112.320,112.320,,3.56,False
   660 Crescentia (A908 AN),42.302,42.302,,1.29,False
   661 Cloelia (A908 DD),40.081,40.081,,1.91,False
   662 Newtonia (A908 FF),22.127,22.127,,0.977,False
   663 Gerlinde (A908 MB),107.795,107.795,,1.64,False
   664 Judith (A908 MC),85.214,85.214,,1.41,False
   665 Sabine (A908 OE),51.09,51.09,,1.61,False
   666 Desdemona (A908 OG),32.741,32.741,,0.986,False
   667 Denise (A908 OF),88.630,88.630,,1.68,False
   668 Dora (A908 OH),21.517,21.517,,1.14,False
   669 Kypria (A908 QF),29.227,29.227,,1.79,False
   670 Ottegebe (A908 QG),35.886,35.886,,1.27,False
   671 Carnegia (A908 SJ),60.604,60.604,,1.94,False
   672 Astarte (A908 SH),35.584,35.584,,1.21,False
   673 Edda (A908 SG),37.622,37.622,,1.8,False
   674 Rachele (A908 UK),96.171,96.171,,1.39,False
   675 Ludmilla (A908 QH),76,76,,1.22,False
   676 Melitta (A909 BO),78.369,78.369,,1.68,False
   677 Aaltje (A909 BP),32.403,32.403,,1.84,False
   678 Fredegundis (A909 BQ),39.585,39.585,,1.02,False
   679 Pax (A909 BR),63.909,63.909,,0.959,False
   680 Genoveva (A909 HF),83.92,83.92,,1.24,False
   681 Gorgo (A909 JB),20.390,20.390,,1.81,False
   682 Hagar (A909 MA),,,,1.21,False
   683 Lanzia (A909 OA),83.04,83.04,,1.99,False
   684 Hildburg (A909 PB),19.040,19.040,,1.33,False
   685 Hermia (A909 PC),10.95,10.95,,0.784,False
   686 Gersuind (A909 QA),55.258,55.258,,0.962,False
   687 Tinette (A909 QB),21.533,21.533,,1.02,False
   688 Melanie (A909 QC),41.614,41.614,,1.32,False
   689 Zita (A916 RB),15.621,15.621,,0.78,False
   690 Wratislavia (A909 UE),134.65,134.65,,1.62,False
   691 Lehigh (A909 XB),79.451,79.451,,1.66,False
   692 Hippodamia (A901 VJ),42.771,42.771,,1.89,False
   693 Zerbinetta (A909 SD),82.114,82.114,,1.88,False
   694 Ekard (A909 VC),121.891,121.891,,0.868,False
   695 Bella (A909 VD),40.620,40.620,,1.18,False
   696 Leonora (A916 BD),81.580,81.580,,1.44,False
   697 Galilea (A910 CL),80.14,80.14,,1.44,False
   698 Ernestina (A910 ED),27.037,27.037,,1.59,False
   699 Hela (A910 LC),,,,0.628,False
   700 Auravictrix (A910 LD),16.421,16.421,,1.01,False
   701 Oriola (A910 ND),42.943,42.943,,1.89,False
   702 Alauda (A910 OA),190.980,190.980,,2.13,False
   703 Noemi (A910 TD),7.250,7.250,,0.88,False
   704 Interamnia (A910 TC),306.313,306.313,,1.65,False
   705 Erminia (A910 TE),132.261,132.261,,1.86,False
   706 Hirundo (A910 TF),30.819,30.819,,1.2,False
   707 Steina (A910 YA),9.003,9.003,,0.95,False
   708 Raphaela (A911 CB),21.43,21.43,,1.44,False
   709 Fringilla (A911 CC),95.173,95.173,,1.57,False
   710 Gertrud (A911 DB),29.208,29.208,,1.71,False
   711 Marmulla (A911 EA),9.026,9.026,,0.79,False
   712 Boliviana (A911 FF),124.125,124.125,,1.11,False
   713 Luscinia (A911 HG),97.968,97.968,,1.88,False
   714 Ulula (A911 KG),41.343,41.343,,1.43,False
   715 Transvaalia (A911 HH),25.458,25.458,,1.55,False
   716 Berkeley (A911 OC),19.768,19.768,,1.58,False
   717 Wisibada (A911 QK),27.656,27.656,,1.3,False
   718 Erida (A911 SA),70.911,70.911,,1.47,False
   719 Albert (A911 TB),,,,0.201,False
   720 Bohlinia (A911 UL),33.73,33.73,,1.85,False
   721 Tabora (A911 UM),86.309,86.309,,2.13,False
   722 Frieda (A911 UN),8.257,8.257,,0.849,False
   723 Hammonia (A911 UO),23.456,23.456,,1.84,False
   724 Hapag (A911 UP),9.492,9.492,,0.855,False
   725 Amanda (A911 UQ),23.687,23.687,,1.01,False
   726 Joella (A911 WC),44.02,44.02,,0.893,False
   727 Nipponia (A912 CF),32.17,32.17,,1.37,False
   728 Leonisis (A912 DB),5.887,5.887,,1.07,False
   729 Watsonia (A912 CE),50.025,50.025,,1.57,False
   730 Athanasia (A912 GG),4.497,4.497,,0.843,False
   731 Sorga (A912 GH),34.597,34.597,,1.57,False
   732 Tjilaki (A912 HK),29.791,29.791,,1.36,False
   733 Mocia (A912 SA),98.493,98.493,,2.2,False
   734 Benda (A912 TF),67.318,67.318,,1.85,False
   735 Marghanna (A912 XD),67.976,67.976,,0.896,False
   736 Harvard (A912 WC),17.111,17.111,,0.826,False
   737 Arequipa (A912 XC),47.804,47.804,,0.968,False
   738 Alagasta (A913 AF),62.79,62.79,,1.87,False
   739 Mandeville (A913 CH),104.517,104.517,,1.39,False
   740 Cantabia (A913 CK),90.90,90.90,,1.76,False
   741 Botolphia (A913 CJ),29.64,29.64,,1.56,False
   742 Edisona (A913 DC),47.087,47.087,,1.69,False
   743 Eugenisis (A913 DD),51.072,51.072,,1.64,False
   744 Aguntina (A913 DE),58.636,58.636,,1.83,False
   745 Mauritia (A913 EH),24.711,24.711,,2.14,False
   746 Marlu (A913 EJ),74.274,74.274,,1.41,False
   747 Winchester (A913 EK),171.71,171.71,,1.08,False
   748 Simeisa (A913 EL),103.714,103.714,,2.22,False
   749 Malzovia (A913 GD),11.065,11.065,,0.844,False
   750 Oskar (A913 HF),22.526,22.526,,1.14,False
   751 Faina (A913 HE),113.699,113.699,,1.21,False
   752 Sulamitis (A913 HG),60.171,60.171,,1.3,False
   753 Tiflis (A913 HH),20.922,20.922,,0.807,False
   754 Malabar (A906 QH),94.522,94.522,,1.88,False
   755 Quintilla (A908 GC),41.210,41.210,,1.77,False
   756 Lilliana (A908 HD),64.837,64.837,,1.72,False
   757 Portlandia (A908 TG),32.894,32.894,,1.14,False
   758 Mancunia (A912 KB),88.985,88.985,,1.73,False
   759 Vinifera (A913 QC),52.926,52.926,,1.06,False
   760 Massinga (A913 QD),71.29,71.29,,1.42,False
   761 Brendelia (A913 RE),20.763,20.763,,1.67,False
   762 Pulcova (A913 RD),147.343,147.343,,1.83,False
   763 Cupido (A913 SE),7.005,7.005,,0.874,False
   764 Gedania (A913 SF),58.28,58.28,,1.92,False
   765 Mattiaca (A917 SS),7.991,7.991,,0.835,False
   766 Moguntia (A913 SH),41.044,41.044,,1.76,False
   767 Bondia (A913 SD),43.039,43.039,,1.53,False
   768 Struveana (A913 TC),32.597,32.597,,1.48,False
   769 Tatjana (A913 TD),96.720,96.720,,1.57,False
   770 Bali (A913 UG),16.388,16.388,,0.9,False
   771 Libera (A913 WB),29.322,29.322,,1.04,False
   772 Tanete (A913 YD),126.473,126.473,,1.73,False
   773 Irmintraud (A913 YF),91.672,91.672,,1.62,False
   774 Armor (A913 YE),50.214,50.214,,1.53,False
   775 Lumiere (A914 AA),31.958,31.958,,1.83,False
   776 Berbericia (A914 BE),151.711,151.711,,1.5,False
   777 Gutemberga (A914 BF),71.749,71.749,,1.88,False
   778 Theobalda (A914 BG),55.317,55.317,,1.4,False
   779 Nina (A914 BH),80.572,80.572,,1.08,False
   780 Armenia (A914 BJ),126.263,126.263,,1.82,False
   781 Kartvelia (A914 BK),72.927,72.927,,1.82,False
   782 Montefiore (A914 FA),14.158,14.158,,1.11,False
   783 Nora (A914 FB),38.719,38.719,,0.789,False
   784 Pickeringia (A914 FC),75.596,75.596,,1.36,False
   785 Zwetana (A914 FD),49.460,49.460,,1.05,False
   786 Bredichina (A914 HD),108.309,108.309,,1.72,False
   787 Moskva (A914 HC),27.927,27.927,,1.23,False
   788 Hohensteina (A914 HE),111.295,111.295,,1.71,False
   789 Lena (A914 MA),22.483,22.483,,1.29,False
   790 Pretoria (A912 BE),170.37,170.37,,1.88,False
   791 Ani (A914 MB),116.865,116.865,,1.52,False
   792 Metcalfia (A907 FC),61.804,61.804,,1.3,False
   793 Arizona (A907 GZ),26.636,26.636,,1.48,False
   794 Irenaea (A914 QB),35.703,35.703,,1.2,False
   795 Fini (A914 SF),85.263,85.263,,1.47,False
   796 Sarita (A914 UF),43.580,43.580,,0.815,False
   797 Montana (A914 WG),21.197,21.197,,1.37,False
   798 Ruth (A914 WH),43.19,43.19,,1.9,False
   799 Gudula (A915 EA),47.185,47.185,,1.49,False
   800 Kressmannia (A915 FG),15.429,15.429,,0.733,False
   801 Helwerthia (A915 FH),32.404,32.404,,1.41,False
   802 Epyaxa (A915 FJ),7.423,7.423,,1.04,False
   803 Picka (A915 FL),46.50,46.50,,1.99,False
   804 Hispania (A915 FK),137.952,137.952,,1.43,False
   805 Hormuthia (A915 HD),73.095,73.095,,1.62,False
   806 Gyldenia (A915 HE),83.103,83.103,,1.98,False
   807 Ceraskia (A915 HF),21.241,21.241,,1.86,False
   808 Merxia (A901 TG),30.923,30.923,,1.41,False
   809 Lundia (A915 PF),9.450,9.450,,0.838,False
   810 Atossa (A915 RS),8.104,8.104,,0.779,False
   811 Nauheima (A915 RT),16.105,16.105,,1.68,False
   812 Adele (A915 RU),12.356,12.356,,1.21,False
   813 Baumeia (A915 WJ),11.719,11.719,,1.17,False
   814 Tauris (A916 AE),102.229,102.229,,1.29,False
   815 Coppelia (A916 CC),16.869,16.869,,1.51,False
   816 Juliana (A916 CE),50.745,50.745,,1.71,False
   817 Annika (A916 CD),22.891,22.891,,1.17,False
   818 Kapteynia (A916 DF),64.255,64.255,,1.93,False
   819 Barnardiana (A916 EA),8.917,8.917,,0.873,False
   820 Adriana (A916 FJ),58.65,58.65,,1.95,False
   821 Fanny (A916 GH),28.856,28.856,,1.19,False
   822 Lalage (A916 GJ),8.243,8.243,,0.923,False
   823 Sisigambis (A916 GK),14.719,14.719,,1.04,False
   824 Anastasia (A916 FF),32.457,32.457,,1.4,False
   825 Tanina (A916 FH),13.423,13.423,,1.06,False
   826 Henrika (A916 HD),22.556,22.556,,1.15,False
   827 Wolfiana (A916 QG),8.488,8.488,,0.917,False
   828 Lindemannia (A916 QH),47.891,47.891,,2.09,False
   829 Academia (A916 QF),42.685,42.685,,1.33,False
   830 Petropolitana (A917 YD),41.328,41.328,,2.01,False
   831 Stateira (A916 SD),7.218,7.218,,0.901,False
   832 Karin (A916 SE),15.812,15.812,,1.62,False
   833 Monica (A916 SF),21.990,21.990,,1.67,False
   834 Burnhamia (A916 SG),61.278,61.278,,1.56,False
   835 Olivia (A916 SH),30.418,30.418,,1.94,False
   836 Jole (A916 SJ),5.757,5.757,,0.805,False
   837 Schwarzschilda (A916 SK),5.968,5.968,,1.2,False
   838 Seraphina (A916 SL),58.095,58.095,,1.54,False
   839 Valborg (A916 SM),20.39,20.39,,1.21,False
   840 Zenobia (A916 SN),27.306,27.306,,1.79,False
   841 Arabella (A916 TA),7.501,7.501,,1.12,False
   842 Kerstin (A916 TB),43.576,43.576,,1.86,False
   843 Nicolaia (A916 SO),,,,0.795,False
   844 Leontina (A916 TC),42.154,42.154,,1.97,False
   845 Naema (A916 WM),52.677,52.677,,1.76,False
   846 Lipperta (A916 WN),52.41,52.41,,1.59,False
   847 Agnia (A915 RP),24.931,24.931,,1.53,False
   848 Inna (A915 RQ),33.027,33.027,,1.6,False
   849 Ara (A915 UB),80.756,80.756,,1.56,False
   850 Altona (A916 FG),80.90,80.90,,1.61,False
   851 Zeissia (A916 GL),12.642,12.642,,1.04,False
   852 Wladilena (A916 GM),26.541,26.541,,0.849,False
   853 Nansenia (A916 GN),27.593,27.593,,1.07,False
   854 Frostia (A916 GO),7.839,7.839,,0.946,False
   855 Newcombia (A916 GP),12.392,12.392,,0.942,False
   856 Backlunda (A916 GQ),45.449,45.449,,1.2,False
   857 Glasenappia (A916 GR),14.497,14.497,,0.987,False
   858 El Djezair (A916 KF),22.519,22.519,,1.5,False
   859 Bouzareah (A916 TD),65.417,65.417,,1.88,False
   860 Ursina (A917 BE),34.561,34.561,,1.48,False
   861 Aida (A917 BF),66.85,66.85,,1.81,False
   862 Franzia (A917 BG),27.033,27.033,,1.61,False
   863 Benkoela (A917 CG),38.724,38.724,,2.16,False
   864 Aase (A921 SB),7.249,7.249,,0.783,False
   865 Zubaida (A917 CH),17.77,17.77,,0.992,False
   866 Fatme (A917 DG),78.061,78.061,,1.97,False
   867 Kovacia (A917 DH),24.113,24.113,,1.72,False
   868 Lova (A917 HB),50.692,50.692,,1.33,False
   869 Mellena (A917 JB),21.193,21.193,,1.11,False
   870 Manto (A917 JC),13.683,13.683,,0.691,False
   871 Amneris (A917 JD),8.011,8.011,,0.952,False
   872 Holda (A917 KH),34.431,34.431,,1.5,False
   873 Mechthild (A917 KJ),34.471,34.471,,1.23,False
   874 Rotraut (A917 KK),58.287,58.287,,1.9,False
   875 Nymphe (A917 KG),14.107,14.107,,1.2,False
   876 Scott (A917 MB),22.420,22.420,,1.66,False
   877 Walkure (A915 RV),38.41,38.41,,1.1,False
   878 Mildred (A916 RC),2.529,2.529,,0.824,False
   879 Ricarda (A917 OB),18.312,18.312,,1.19,False
   880 Herba (A917 OC),32.329,32.329,,1.1,False
   881 Athene (A917 OD),12.153,12.153,,1.07,False
   882 Swetlana (A917 PB),42.440,42.440,,1.3,False
   883 Matterania (A917 RD),7.036,7.036,,0.785,False
   884 Priamus (A917 SU),101.093,101.093,,3.55,False
   885 Ulrike (A917 SV),30.537,30.537,,1.53,False
   886 Washingtonia (A917 WA),86.793,86.793,,1.35,False
   887 Alinda (A918 AA),4.2,4.2,,0.0797,False
   888 Parysatis (A918 CE),44.749,44.749,,1.23,False
   889 Erynia (A918 EN),16.682,16.682,,0.977,False
   890 Waltraut (A918 EO),28.376,28.376,,1.86,False
   891 Gunhild (A918 KB),55.747,55.747,,1.82,False
   892 Seeligeria (A918 KC),74.481,74.481,,1.98,False
   893 Leopoldina (A918 KD),85.992,85.992,,1.63,False
   894 Erda (A918 LA),28.309,28.309,,1.79,False
   895 Helio (A918 NA),109.568,109.568,,1.76,False
   896 Sphinx (A918 PE),11.974,11.974,,0.892,False
   897 Lysistrata (A918 PF),24.337,24.337,,1.3,False
   898 Hildegard (A918 PG),11.693,11.693,,0.711,False
   899 Jokaste (A918 PH),31.018,31.018,,1.35,False
   900 Rosalinde (A918 PJ),19.618,19.618,,1.08,False
   901 Brunsia (A918 QA),13.210,13.210,,0.726,False
   902 Probitas (A918 RG),8.552,8.552,,1.01,False
   903 Nealley (A918 RH),58.065,58.065,,2.1,False
   904 Rockefellia (A918 UC),49.146,49.146,,1.8,False
   905 Universitas (A918 UE),12.070,12.070,,0.878,False
   906 Repsolda (A918 UF),65.752,65.752,,1.67,False
   907 Rhoda (A918 VA),82.660,82.660,,1.45,False
   908 Buda (A918 WD),30.749,30.749,,1.13,False
   909 Ulla (A919 CA),116.44,116.44,,2.24,False
   910 Anneliese (A919 EC),48.590,48.590,,1.45,False
   911 Agamemnon (A919 FB),131.038,131.038,,4.03,False
   912 Maritima (A919 HC),82.675,82.675,,1.66,False
   913 Otila (A919 KD),11.636,11.636,,0.806,False
   914 Palisana (A919 NC),76.190,76.190,,0.972,False
   915 Cosette (A918 XB),11.699,11.699,,0.929,False
   916 America (A915 PE),33.23,33.23,,0.818,False
   917 Lyka (A915 RR),34.878,34.878,,0.896,False
   918 Itha (A919 QD),21.561,21.561,,1.32,False
   919 Ilsebill (A918 UD),33.500,33.500,,1.54,False
   920 Rogeria (A919 RC),26.656,26.656,,1.4,False
   921 Jovita (A919 RD),55.312,55.312,,1.61,False
   922 Schlutia (A919 SJ),19.228,19.228,,1.17,False
   923 Herluga (A919 SK),34.553,34.553,,1.12,False
   924 Toni (A919 UF),85.49,85.49,,1.49,False
   925 Alphonsina (A920 AA),57.505,57.505,,1.5,False
   926 Imhilde (A920 CB),48.48,48.48,,1.43,False
   927 Ratisbona (A920 DB),75.892,75.892,,1.92,False
   928 Hildrun (A920 DC),62.817,62.817,,1.71,False
   929 Algunde (A920 ED),11.443,11.443,,0.967,False
   930 Westphalia (A920 EE),34.922,34.922,,1.08,False
   931 Whittemora (A920 FB),45.298,45.298,,1.45,False
   932 Hooveria (A920 FC),58.978,58.978,,1.22,False
   933 Susi (1927 CH),21.82,21.82,,0.986,False
   934 Thuringia (A920 PA),53.714,53.714,,1.2,False
   935 Clivia (A920 RA),6.411,6.411,,0.907,False
   936 Kunigunde (A920 RB),43.227,43.227,,1.57,False
   937 Bethgea (A920 RD),11.383,11.383,,0.733,False
   938 Chlosinde (A920 RC),33.466,33.466,,1.53,False
   939 Isberga (A920 TD),10.390,10.390,,0.84,False
   940 Kordula (A920 TE),79.852,79.852,,1.8,False
   941 Murray (A920 TF),18.217,18.217,,1.25,False
   942 Romilda (A920 TG),36.772,36.772,,1.66,False
   943 Begonia (A920 UA),70.572,70.572,,1.46,False
   944 Hidalgo (A920 UB),38.,38.,,1.14,False
   945 Barcelona (A921 CB),25.618,25.618,,1.24,False
   946 Poesia (A921 CD),36.210,36.210,,1.69,False
   947 Monterosa (A921 CC),26.060,26.060,,1.08,False
   948 Jucunda (A921 EL),17.331,17.331,,1.55,False
   949 Hel (A921 EM),63.494,63.494,,1.42,False
   950 Ahrensa (A921 GG),13.704,13.704,,0.998,False
   951 Gaspra (A916 OJ),12.2,12.2,,0.833,False
   952 Caia (A916 US),88.692,88.692,,1.26,False
   953 Painleva (A921 HB),24.062,24.062,,1.26,False
   954 Li (A921 PC),58.771,58.771,,1.57,False
   955 Alstede (A921 PD),17.33,17.33,,0.864,False
   956 Elisa (A921 PE),10.474,10.474,,0.82,False
   957 Camelia (A921 RF),91.548,91.548,,1.72,False
   958 Asplinda (A921 SD),45.112,45.112,,2.28,False
   959 Arne (A921 SE),45.176,45.176,,1.47,False
   960 Birgit (A921 TG),7.506,7.506,,0.869,False
   961 Gunnie (A921 TH),36.571,36.571,,1.45,False
   962 Aslog (A921 UJ),,,,1.62,False
   963 Iduberga (A921 UK),9.008,9.008,,0.953,False
   964 Subamara (A921 UL),19.835,19.835,,1.7,False
   965 Angelica (A921 VB),60.857,60.857,,1.35,False
   966 Muschi (A921 VD),25.509,25.509,,1.36,False
   967 Helionape (A921 VE),10.216,10.216,,0.839,False
   968 Petunia (A921 WJ),24.422,24.422,,1.53,False
   969 Leocadia (A921 VC),17.321,17.321,,0.96,False
   970 Primula (A921 WK),9.204,9.204,,0.878,False
   971 Alsatia (A921 WH),60.867,60.867,,1.22,False
   972 Cohnia (A922 BD),77.827,77.827,,1.36,False
   973 Aralia (A922 FB),51.609,51.609,,1.92,False
   974 Lioba (A922 FC),25.001,25.001,,1.27,False
   975 Perseverantia (A922 FE),22.169,22.169,,1.75,False
   976 Benjamina (A922 FD),83.195,83.195,,1.84,False
   977 Philippa (A922 GA),65.471,65.471,,2.09,False
   978 Aidamina (A922 KE),92.105,92.105,,1.51,False
   979 Ilsewa (A922 MA),35.741,35.741,,1.73,False
   980 Anacostia (A921 WG),74.679,74.679,,1.24,False
   981 Martina (A917 SW),32.545,32.545,,1.47,False
   982 Franklina (A922 KF),33.227,33.227,,1.34,False
   983 Gunila (A922 OD),73.87,73.87,,1.87,False
   984 Gretia (A922 QD),32.449,32.449,,1.27,False
   985 Rosina (A922 TC),,,,0.658,False
   986 Amelia (A922 UA),48.677,48.677,,1.54,False
   987 Wallia (A922 UB),52.651,52.651,,1.38,False
   988 Appella (A922 VC),20.431,20.431,,1.4,False
   989 Schwassmannia (A922 WD),12.630,12.630,,1.01,False
   990 Yerkes (A922 WE),21.428,21.428,,1.09,False
   991 McDonalda (A922 UC),38.556,38.556,,1.61,False
   992 Swasey (A922 VD),27.585,27.585,,1.75,False
   993 Moultona (A923 AB),12.433,12.433,,1.74,False
   994 Otthild (A923 FB),20.786,20.786,,1.24,False
   995 Sternberga (A923 LC),20.222,20.222,,1.2,False
   996 Hilaritas (A923 FC),29.128,29.128,,1.68,False
   997 Priska (A923 NC),20.391,20.391,,1.19,False
   998 Bodea (A923 PC),31.761,31.761,,1.5,False
   999 Zachia (A923 PE),16.848,16.848,,1.06,False
  1000 Piazzia (A923 PF),47.78,47.78,,1.44,False
